Index,url,description,published date,published time,video length,views,likes,comments,shares,saves,play time,avg watch time,watched full video,new followers,retention rate (avg watch time),other (traffic),personal profile,search,for you,following,search queries,new viewers,returning viewers,non-followers,followers,Male,Female,18-24,25-34,35-44,45-54,55+,Other,US,Brazil,Mexico,UK,Vietnam,Saudi Arabia,top comments,Unnamed: 39
1,https://www.tiktok.com/@embilybond/video/6908283732637338886,Relatable? I think so #nottiktokfamousyet,7/29/19,11:30 AM,8.98s,230221,2403,27,12,151,,,,,,,,,,,,,,,,,,,,,,,,,,,,,,,
2,https://www.tiktok.com/@embilybond/video/6912309472023153926,,12/30/2020,11:51 PM,48.09s,49428,340,6,1,19,,,,,,,,,,,,,,,,,,,,,,,,,,,,,,,
3,https://www.tiktok.com/@embilybond/video/7178782100814974250,"This one is for my roomate (@aubsdyer), I definitely needed your emotional support for this one. #ballroomdance #ballroomhair #hair #asmr ",12/19/2022,2:02 AM,46.04s,57860639,2900000,36000,134000,202000,,,,,,,,,,,,,,,,,,,,,,,,,,,,,,,
4,https://www.tiktok.com/@embilybond/video/7187909944983883054,Replying to @trongtien2272006 answering some questionsssss and let me know if you want to see anything else from me #ballroomdance #ballroomhair #hair #asmr #yes i soak my hair in water #dontworry,1/12/2023,4:21 PM,28.58s,771036,17000,325,125,999,741h:28m:50s,3.5s,4.15%,767,12%,90.20%,8.10%,1.40%,0.20%,0.10%,"ballroom hair washing, Embliy, ballroom hair*",52%,48%,92%,8%,24%,76%,62%,26%,7%,,2%%,68%,11.10%,4.60%,4.40%,2.2%%,3.80%,,"look like, you look, you are, she said, say you",
5,https://www.tiktok.com/@embilybond/video/7191670279486082347,What an insane transformation! Definitely couldn‚Äôt do this by myself #ballroomdance #ballroomhair #ballroom #hairandmakeup #beauty #fringe #competition,1/22/2023,7:33 PM,10.33s,358290,5617,41,69,294,426h:18m:24s,4.3s,15.01%,244,42%,76.10%,22.20%,1.00%,0.10%,0.60%,"embilybond,ballet hair fringe, ballroom hair",48%,52%,89%,11%,17%,83%,58%,30%,8,,2,49.2,23.1,6,6.2,4.3,,,,
6,https://www.tiktok.com/@embilybond/video/7192690392221928747,"This makeup lasted me a whole competion and a few hours at disney (period üíÖüèº), so she‚Äôs a lil rough.  #ballroomdance #ballroomhair #hairandmakeup #makeup #takeoffmymakeup ",1/25/2023,1:32 PM,24.87s,351293,3598,28,43,184,557h:57m:14s,5.7s,12.53%,169,23%,74.20%,21.40%,3.60%,0.20%,0.60%,"emily ballroom dancing, ballroom makeup removal, ballroom hair removal wash, ballroom hair removal",46,54,87,13,17,83,58,29,8,2,3,48,23.6,6.4,6.3,4.6,,,your hair,
7,https://www.tiktok.com/@embilybond/video/7193818180945464618,"Take my ballroom hair out with me, but‚Ä¶ MY ROOMATE DOES THE COMMENTARY ü§™ #roomate #asmr #asmrsounds #ballroomhair #ballroom #hairandmakeup #getreadywithme ",1/28/2023,2:28 PM,576.28s,584771,10000,58,0.71,597,1894h:33m:34s,11.7s,8.17%,426,21%,47.10%,36.60%,15.90%,0.10%,0.30%,"ballroom hair removal, ballroom hair removal asmr",41,59,96,4,16,84,59,28,8,2,3,36.1,38,4.5,4.4,6.2,,,,
8,https://www.tiktok.com/@embilybond/video/7194340103341231403,Volume UPPP üîä watch me take my ballroom hair out  #asmr #asmrsounds #ballroom #hairandmakeup #hairspray #got2bglued #soundup #ReadySetLift #getreadywithme,1/30/2023,12:14 AM,50.78s,30787644,2000000,9892,64000,93000,179888h:17m:28s,21.0s,24.34,54544,41%,11.80%,85.20%,0.50%,0.00%,0.00%,"ballroom hai rremoval, taking out ballroom hair, ballroom hair removal snapping",41,59,96,4,21,79,63,27,6,2,2,33.6,17.7,13.2,12.1,5.9,,,,
9,https://www.tiktok.com/@embilybond/video/7195371272274988331,Replying to @kev1n_s__ taking my makeup off and answering some questions!! #asmr #ballroom #makeup #hairandmakeup #dance #got2bglued #micellarwater,2/1/2023,6:55 PM,39.26s,992163,36000,154,79,1406,5188h:22m:42s,18.9s,31.54,1252,48%,86.10%,12.40%,0.50%,0.70%,0.30%,ballroom hair removal wash,43%,577%,87%,13%,20%,80%,65,27,5,1,2,27.2,38.4,8.9,7.2,6.8,,,"without makeup, better without",
10,https://www.tiktok.com/@embilybond/video/7196722410698083630,Another ballroom hair removal!! After being at a competition over 14 hours #ballroom #hairandmakeup #competition #asmr #asmrsounds #dance #got2bglued #hairpsray #micellarwater #bun,2/5/2023,10:18 AM,32.97s,3500000,233000,1098,1856,8110,16517h:13m:53s,17.0s,29.07%,2701,51%,10.70%,3.60%,8.40%,77.10%,0.20%,"ballroom hair removal, ballroom hair removal snapping, ballroom hair removal wash it",45%,55,98,2,20,80,59,27,8,3,3,18.2,50.8,1.2,0.9,1.3,,17.8,,
11,https://www.tiktok.com/@embilybond/video/7196882335134928171,Replying to @definitelynotnyla lol I didn‚Äôt actually answer their question. I use a ton of gel and hairspray to get my hair to stay all day. #got2beglued #hairandmakeup #asmr #guess #guessinggame #hashtagsarecringe #whydoidothis,2/5/2023,8:39 PM,38.54s,416143,6570,32,29,311,1036h:25m:29s,9.0s,6.52,234,23%,68.70%,30.10%,0.80%,0.10%,0.30%,got to be glued asmr,47,53,91,9,19,81,62,27,7,2,2,26.2,42.3,6.9,5.2,4.3,,4.5,,
12,https://www.tiktok.com/@embilybond/video/7197806140934147374,Some elastic snapping!! One of my favorite parts when I take out my hair #elastic #ballroomhair #hairstyle #hairandmakeup #competition #got2bglued we,2/8/2023,8:24 AM,10.56s,314355,3164,13,24,177,549h:56m:36s,6.3s,24.47%,,,,,,,,,,,,,,,,,,,,,,,,,,,,
13,https://www.tiktok.com/@embilybond/video/7198312149742128427,More hair videos to come! But until then heres a little tango for your feed üíÉü´∂ #ballroomdance #tango #ballroom #ballroomhair #competition #got2bglued,2/9/23,5:07 PM,14.02s,313269,5679,13,47,331,622h:47m:11s,7.1s,21%,150,,56.8,38.5,2.5,1.3,0.9,tango hair,65,35,93,7,22,78,60,29,7,2,2,29.6,41.6,4.9,5.9,4.5,,2,,
14,https://www.tiktok.com/@embilybond/video/7198768286056598830,Its giving‚Ä¶ suction cup vibes @redaspenlove #hairtok #ballroom#got2bglued #gel#hairspray #hairstyle #asmr #trending #viral #asmrsounds #gelwave,2/10/23,10:37 PM,13.28s,279793,3081,14,23,182,604h:23m:43s,7.8s,28.10%,116,,51.7,31.5,14.4,0.7,1.7,ballroom hair washing,51,49,94,6,20,80,59,28,8,3,2,29.2,42.3,5,5.5,5.1,,,,
15,https://www.tiktok.com/@embilybond/video/7199174843735182638,"True story. If you‚Äôre confused, go to my profile #gel #got2bglued #ballroom #ballroomhair #hairtok #twist #asmr #trending #viral #hair #hairstyle #asmrsounds #cringe",2/12/23,12:55 AM,7.85s,235060,2033,1,6,79,217h:41m:55s,3.3s,11.24,75,,60.8,36.3,0.9,1,1,"embilybond, lego hair pieces, hair gel cringe",53,47,84,14,22,78,59,28,8,3,2,32.3,39,4.2,5.9,5,,,,
16,https://www.tiktok.com/@embilybond/video/7199299096941907246,Crunchy hair üò© y‚Äôall better turn your volume up for this one #volume #volumeup  #gel #got2bglued #ballroom #ballroomhair #hairtok #twist #asmr #trending #viral #hair #hairstyle #asmrsounds #cringe #redaspenlove #redaspennails @redaspenlove,2/12/23,8:57 AM,20.48s,3128110,84000,691,2202,5729,9151h:41m:21s,10.5s,23.28,2794,,12.2,4,2.2,81.2,0.4,crunchy hair,47,53,97,3,22,78,60,22,10,4,4,30.3,12.4,6.2,0,6.9,0,,,"blew up w south korea, japan (more than US for some of them)"
17,https://www.tiktok.com/@embilybond/video/7199545285847108907,hey hey! Got2b products are literally my best friend! And bristle brushes to make it as SMOOTH as possible! Let me know if you want a tutorial on HOW I use these products #volume #got2bstyled #RoseGoldFaceBrush #gel #got2bglued #ballroom # ballroomhair #hairtok # ballroomdance #trending #viral #live #asmr,2/13/23,12:53 AM,39.08s,288194,3234,9,25,201,554h:59m:25s,7.0s,6.58%,138,,61.8,36.1,1.6,0.1,0.4,got2b volume powder,50,50,89,11,26,74,61,27,7,3,2,31.8,38.6,4,5.9,5.4,0,,,
18,https://www.tiktok.com/@embilybond/video/7199834818413153582,"I LOVE a fringe moment, but soemtimes I look like I belong in a blingy car wash #volume #got2bstyled #RoseGoldFaceBrush #gel #got2bglued #ballroom #ballroomhair #hairtok #ballroomdance #trending #viral #live #fringe #carwash ",2/13/23,7:36 PM,6.87s,352412,2704,5,20,128,419h:36m:37s,4.3s,27.36%,50,,61.6,39.9,0.9,0.1,0.5,ballroom hair washing,50,50,87,13,23,77,62,28,7,2,1,33.1,38.8,4.3,6.1,5,0,,,
19,https://www.tiktok.com/@embilybond/video/7200263198048570667,My roomate tried doing ballroom hair for the first time! It went better than expected. Thank you @aubsdyer and thanks to anyone that hung out with us on our live! Def going to do that again :) #volume #got2bstyled #RoseGoldFaceBrush #gel #got2bglued #ballroom #ballroomhair #hairtok #trending #viral #live #roomates #tutorial #asmr #asmrsounds,2/14/23,11:18 PM,20.13s,487694,4942,18,53,408,1063h:55m:42s,7.8s,17.17%,263,,74.2,21.9,1.8,1.5,0.6,"ballroom hair, ballroom hair first time, embilybond",46,54,97,3,25,75,62,26,7,3,2,34.9,35.5,5.9,5.5,5.3,,,,
20,https://www.tiktok.com/@embilybond/video/7201005538404994346,"Update: i skipped two of my classes today (mom, pretene you didnt see this). Anyways‚Ä¶ im in my vlogging era  #g#got2bstyledR#RoseGoldFaceBrushg#gelg#got2bgluedb#ballroomb#ballroomhairh#hairtokb#ballroomdancet#trendingv#virallive #competition #vlog #packing ",2/16/23,11:19 PM,30.65s,323092,2671,4,15,120,395h:19m:49s,4.4s,2.35%,196,,63.1,36.3,0.1,0.1,0.4,got2bglued daisy dukes,49,51,82,18,26,74,61,27,7,3,2,33.8,37.8,4.4,6.2,5.2,,,,
21,https://www.tiktok.com/@embilybond/video/7201404078507691310,We go from 18 to 36 years old lol and someone needs to teach me how to make better transitions #volume #got2bstyled #RoseGoldFaceBrush #gel #got2bglued #ballroom #ballroomhair #hairtok #ballroomdance #trending #viral #live #makeup,2/18/23,1:06 AM,8:40s,390410,7983,102,100,421,608h:59m:57s,5.6s,28.37%,209,,60.5,35.7,1.9,1.2,0.7,"18 and 36, ballroom got2b, embilybond",46,54,86,14,25,75,62,27,7,2,2,33.5,39,4.3,6.1,4.8,,,,
22,https://www.tiktok.com/@embilybond/video/7201494910695132462,"The rbf is stronggg, but believe that I am so stoked to be dancing this weekend! #volume #got2bstyled #RoseGoldFaceBrush #gel #got2bglued #ballroom #ballroomhair #hairtok #ballroomdance #trending #viral #live #gelwave",2/18/23,6:58 AM,19.78s,439225,7922,31,99,463,1312h:31m:40s,10.8s,24.68%,157,,61.40%,35.80%,0.70%,1.30%,0.80%,"comor cacer cabello tipo lego, lego hair part, lego hairstyles",50,50,86,14,25,75,61,28,7,2,2,33.9,38.1,4.5,6.2,4.5,,,,
23,https://www.tiktok.com/@embilybond/video/7201769923268545838,Lowkey feel like a barbie sometimes with the false lashes and fake tan ü§™ #got2bstyled #RoseGoldFaceBrush #gel #got2bglued #ballroom #ballroomhair #hairtok #ballroomdance #trending #viral #live #dress #dressup #barbie #hairandmakeup #beauty #transition,2/19/23,12:46 AM,11.98s,391286,3282,13,14,137,318h:57m:45s,2.9s,5.61,74,,62.20%,36.90%,0.10%,0.20%,0.60%,,48,52,85,15,26,74,63,26,7,2,2,33.9,38.2,4.1,6.2,4.9,,,,
24,https://www.tiktok.com/@embilybond/video/7202009304713497902,No for realizies give a girl some suggestions please üò≠ the eyemakeup especially is never easy to take off #volume #got2bstyled #RoseGoldFaceBrush #gel #got2bglued #ballroom #ballroomhair #hairtok #ballroomdance #trending #viral #live #makeup #hairandmakeup #beauty #embily,2/19/23,4:14 PM,24.22s,449349,5363,130,30,277,1052h:48m:36s,8.4s,14.03,156,,61.8,36.1,0.2,1.1,0.8,"got2b girl eye, got2b2 girl lost eye",48,52,85,15,27,73,63,26,7,2,2,34.1,37.6,4,6.2,5.1,,,,
25,https://www.tiktok.com/@embilybond/video/7202285850829311278,Some lil taps from my ballroom hair üíÉüôàüíÖüèº @redaspenlove #volume #got2bstyled #RoseGoldFaceBrush #gel #got2bglued #ballroom #ballroomhair #hairtok #ballroomdance #trending #viral #live #gorillaglue #foryou #foryoupage #fyp #viralvideo #tiktok #like #follow,2/20/23,10:07 AM,35.48s,11368804,552k,6123,44k,37k,48215h:2m:14s,15.3s,21.24,11178,,7.1,3,6.5,83.3,0.1,"gorilla glue girl now, gorilla glue hair, gorilla glue girl",60,40,99,1,53,47,64,24,7,3,2,31.6,28.4,6,,7.9,,,,
26,https://www.tiktok.com/@embilybond/video/7202332858361629998,Replying to @notanotherlightsk1nned can you tell that I dont like water running down my face? Lol #volume #got2bstyled #gel #got2bglued #ballroom #ballroomhair #hairtok #ballroomdance #trending #viral #live #shower #showerthoughts #fyp #viralvideo #embily,2/20/23,1:10 PM,15.18s,1439749,29k,168,158,1336,4383h:22m:48s,11.0s,43.22,469,,25.6,13.1,56.1,4.5,0.7,"ballroom hair washig, got2b hair gel, ballroom hair removal wash",51,49,98,2,20,80,64,25,7,2,2,27.7,46.1,2.4,2.8,5.9,,,,
27,https://www.tiktok.com/@embilybond/video/7203035250958568750,I edited this from an 8 minute long video‚Ä¶ JUST TAKING OUT THE BUN. And thank you to my sweet mama for helping me take out my bun. #v#volumeg#got2bstyledg#gelg#got2bgluedb#ballroomb#ballroomhairh#hairtokb#ballroomdancet#trendingv#virallive #embily #bun #gelwave #fyp #foryou #mom #mymom,2/22/23,10:35 AM,40.91s,12267870,966k,436,1764,20k,69200h:1m:47s,20.3s,27.4,6379,,2.7,1.5,5.5,90.2,0.1,"PULLING THE HAIR OUT OF THE BUN, gotb2 hair gel ad, molded edge brush",55,45,99,1,11,89,72,19,5,2,2,19.8,51.9,,,9.1,,,"did well in canada, austrailia, germany as well",
28,https://www.tiktok.com/@embilybond/video/7203379008220810542,"My costume is a whole uniform, the tan, the lashes, my shoes! Can you guess what I forgot before I can go on the floor? #volume #got2bstyled #gel #got2bglued #ballroom #ballroomhair #hairtok #ballroomdance #trending #viral #live #dress #costume #hairandmakeup #competition #lipstick ?",2/23/23,8:49 AM,8.29s,748924,10k,111,93,523,1164h:32m:2s,5.6s,19.24,289,,59.6,38.3,0.7,0.7,0.7,"ballroom hair, ballroom dancing tanning, ballroom dance costume, ballrom dancer tan, ballroom costume",47,53,95,5,23,77,65,25,6,2,2,31,40.9,3.4,4.9,6,,,,
29,https://www.tiktok.com/@embilybond/video/7203815598885768490,VOLUME UP üîä as promised here is the gel peel from this weekend!!! You‚Äôre welcome üíÖüèº  #volume #got2bstyled #gel #got2bglued #ballroom #ballroomhair #hairtok #ballroomdance #trending #viral #live #embily #asmr #asmrsounds #cringe #gelwave #hair #hairandmakeup #beauty #fyp„Ç∑ #fyp #foryou,2/24/23,1:03 PM,25.24s,5267312,117k,1205,14k,6648,16375h:4m:28s,11.2s,20.74,4537,,7.7,4.9,0.7,86.5,0.2,"Hair Peeling Gell, asmr quitando gel del cabello, ballroom hair removal wash",,,,,,,,,,,,,,,,,,,missing analytics for other sections,
30,https://www.tiktok.com/@embilybond/video/7204874353475898670,What do you want to see from me in the future? I got a few ideas up my sleeve haha  @impressmanicure #volume #got2bstyled #gel #got2bglued #hairtok #ballroomdance #trending #viral #live #embily #asmr #slippers #fyp #foryou #fyp„Ç∑,2/27/23,9:32 AM,29.02s,538001,4730,26,40,250,562h:16m:28s,3.8s,0.65,414,,63.9,35.3,0.3,0.1,0.2,embilybond,53,47,86,14,25,75,63,26,7,2,2,33.9,36.9,5.5,5.1,5.6,,,,
31,https://www.tiktok.com/@embilybond/video/7204966690944355630,"Replying to @adrianvaneynde VOLUME UPPPP üîäidk who said it, but the waves do be wavin #volume #got2bstyled #gel #got2bglued #ballroom #ballroomhair #hairtok #ballroomdance #trending #viral #live #embily #wave #gelwave #legohair #foryou #fyp #fyp„Ç∑ ",2/27/23,3:30 PM,21.55s,648979,7807,57,205,457,1520h:32m:1s,8.4s,19.32,262,,61.9,29.3,1.4,6.7,0.7,"hair waves ballroom, got2b styling gel hair wig",53,47,89,11,27,73,63,26,7,2,2,36.5,32.5,6.2,5.2,5.9,,,,
32,https://www.tiktok.com/@embilybond/video/7205308224587762986,"Depending on how many days I compete in a row I just leave it in ü§∑‚Äç‚ôÄÔ∏è
#got2bstyled #gel #got2bglued #ballroom #ballroomhair #hairtok #ballroomdance #trending #viral #live #embily #italiansausages #fyp #fyp„Ç∑ #foryou",2/28/23,1:36 PM,7.73s,700283,6439,40,42,270,897h:21m:59s,4.6s,24.21,174,60,64.5,33.7,1.1,0.4,0.3,,52,48,91,9,27,73,63,26,7,2,2,34.2,35.5,6.1,5.6,5.3,,,,
33,https://www.tiktok.com/@embilybond/video/7205440402202185002,"Replying to @sisignamayegg I have only been competing traditional ballroom dance for like 9 months haha, but ballroom latin is where my hearts at ü•∞ #got2bstyled #gel #got2bglued #ballroom #ballroomhair #hairtok #ballroomdance #trending #viral #live #embily #slowwaltz #waltz #foryoupage #fyp #fyp„Ç∑ ",2/28/23,10:09 PM,17.99s,713073,12k,43,99,544,1301h:47m:9s,6.6s,12.46,241,,66.5,31.9,1,0.3,0.3,"ballroom dancing, ballroom dance, ballroom dancing waltz",51,49,94,6,26,74,62,27,7,2,2,34.4,34.7,6.2,6.1,5,,,,
34,https://www.tiktok.com/@embilybond/video/7205627949217828139,Volume UPPPP üîä another hair peeling   @redaspenlove #volume #got2bstyled #gel #got2bglued #ballroom #ballroomhair #hairtok #ballroomdance #trending #viral #live #embily #asmr #asmrsounds #hairpeeling #fyp #fyp„Ç∑ #foryou,3/1/23,10:16 AM,30.95s,68596852,2500000,33000,177000,202000,274042h:6m:17s,14.3s,21.37,109142,46,1.2,5.1,28.1,65.6,0,,61,39,99,1,42,57,60,26,8,3,3,47.3,8.4,6,5.8,,,,,
35,https://www.tiktok.com/@embilybond/video/7205996218516868395,Lol we think we‚Äôre funny,3/2/23,10:05 AM,12.47s,720620,6485,17,36,307,803h:14m:31s,4.0s,4.82,178,32,70.5,29.1,0,0.1,0.2,,56,44,88,12,30,70,63,26,7,2,2,37.9,30.4,7.2,6.1,4.6,,,,
36,https://www.tiktok.com/@embilybond/video/7206505808148827438,Thanks @mariya_usan_studio for this gorgeous look!! Can‚Äôt wait to compete tonight ü´∂ #volume #got2bstyled #gel #hairspray #shil #ballroom #ballroomhair #hairtok #ballroomdance #trending #viral #live #embily #silhouette #fyp #fyp„Ç∑ #foryou #glam #hairandmakeup #makeup,3/3/23,7:03 PM,7.17s,791937,7596,30,35,385,972h:20m:27s,4.4s,31.15,262,,69.6,29.5,0.2,0.2,0.5,"mariya usan studio, Embily",53,47,88,12,28,72,63,26,7,2,2,36.7,30.9,7,6.5,4.8,,,,
37,https://www.tiktok.com/@embilybond/video/7207482066986962219,VOLUME UPPP üîä taking out another ballroom hairstyle. GO CHECK OUT @mariya_usan_studio to see how she does the gel waves!!! ü´∂üíï #volume #got2bstyled #gel #silhuohette #ballroom #ballroomhair #hairtok #ballroomdance #trending #viral #live #embily #glam #asmr #asmrsounds #taps #fyp #fyp„Ç∑ #foryou,3/6/23,10:11 AM,45.28s,99352445,7.1m,59k,348k,412k,550420h:4m:59s,19.9s,21.08,163523,,3.2,3.6,1.5,91.6,0.1,"ballroom hair, ballroom hair removal",57,43,97,3,26,74,63,26,7,2,2,38.8,18.8,9.3,8.9,6.3,,,,
38,https://www.tiktok.com/@embilybond/video/7209832596614729002,VOLUME UP üîä Hairsyle for nationals by @completebeautyimage ü•∞  #volume #got2bstyled #gel   #ballroomhair #hairtok  #trending #viral #live #embily #hairspray #hairstyle #asmr #asmrsounds #silhuohette,3/12/23,7:12 PM,25.7s,684068,12k,46,136,975,1813h:3m:52s,9.6s,13.47,677,,76.3,18.1,0.6,4.2,0.8,"embily hair, silhouette gel",47,53,97,3,22,78,62,25,8,3,2,37.3,26.9,10.4,8.1,5.1,,,,
39,https://www.tiktok.com/@embilybond/video/7210073093384047914,Replying to @jenn.and.tonic63 TRYING LEMON OIL TO SNAP ELASTICS!! W/ help from my roomie ü•∞ #volume #got2bstyled #gel #got2bglued  #ballroomhair #hairtok  #trending #viral #live #embily #lemon #lemonoil #elastic,3/13/23,10:46 AM,33.04s,619717,9464,28,23,411,1827h:35m:46s,10.6s,12.85,201,,70.3,18.3,2.1,8.3,1,,55,45,97,3,20,80,62,25,8,3,2,34.4,27.4,11.3,8.3,6.6,,,,
40,https://www.tiktok.com/@embilybond/video/7210622261810842922,I have gotten hit in the head though‚Ä¶ many times. Its called floorcraft üíÖüèº#greenscreenvideo #floorcraft #ballroom #ballroomdance #glam #asmr #slowwaltz #waltz #hairandmakeup #competition #embily,3/14/23,10:17 PM,12.00s,2219035,68k,172,247,3302,6150h:13m:30s,10.0s,39.11%,1108,80,93.1,4.6,0.8,1.3,0.2,,55,45,97,3,28,72,66,24,6,2,2,30.4,32.3,8.5,7.4,7,,,,
41,https://www.tiktok.com/@embilybond/video/7211224673139346731,"Replying to @_m4rbl3 HAIR TAP COMPILATION üíÖüèº which one is the most satisfying??? I have a new hair video on the way, so stay tuned for that ü•∞ü´∂ #SeeHerGreatness #glam #hairtap #ballroomhair #volume #got2bstyled #gel #got2bglued #hairtok #ballroomdance #trending #viral #live #embily #hairspray #beauty #fyp #foryou #fyp„Ç∑ ",3/16/23,1:14 PM,16.23s,25003795,846k,17k,24k,90k,90364h:44m:7s,12.9s,39.55,53411,79,2.3,0.9,7.9,88.8,0.1,asmr tapping,35,75,99,1,50,50,56,25,11,4,4,36.3,3.9,12.2,3.7,,,,"blew up in Vietnam, Indonesia, Phillipines, Thailand ",
42,https://www.tiktok.com/@embilybond/video/7212050619874528554,"Replying to @deja_zhane that being said, I definitely don‚Äôt know everything! And if you‚Äôre a ballroom dancer and have a better explanation leave a comment! ü•∞ #ballroomdance #ballroom #fyp #foryou #fyp„Ç∑ #SeeHerGreatness #got2bstyled #hairtok #trending #viral #embily #beauty ",3/18/23,6:39 PM,33.67s,429260,7496,58,42,471,776h:15m:54s,6.5s,6.13,305,19,85.1,13.6,0.6,0.1,0.6,,53,47,92,8,27,73,59,28,8,3,2,42.1,20.5,9.1,9.1,5.8,,,,
43,https://www.tiktok.com/@embilybond/video/7213007780251176238,"Mmm I skipped some steps üòÖ but it do be like that sometimes. Also, lol I need to edit my hair video from this!! #volume #got2bstyled #gel #got2bglued #ballroom #ballroomhair #hairtok #ballroomdance #trending #viral #live #embily #nationals #greenscreenvideo #getreadywithme #glam #hairandmakeup #fyp #foryou #fyp„Ç∑ ",3/21/23,8:34 AM,25.52s,281174,4188,11,14,225,529h:14m:44s,6.8s,10.71,159,27,81.7,17.1,0.3,0.3,0.6,get ready with me for nationals,51,49,86,14,29,71,59,28,8,3,2,44.6,20.1,7.2,7.7,6.5,,,,
44,https://www.tiktok.com/@embilybond/video/7213401911658057003,#gorillaglue jking its got2bglued ‚ú®PART 1‚ú® full of the taps #volume #got2bstyled #gel #got2bglued #ballroom #ballroomhair #hairtok #trending #viral #live #embily  #fyp #foryou #fyp„Ç∑,3/22/23,10:03 AM,13.14s,3625064,97k,1424,4281,7546,9401h:35m:35s,9.3s,35.7,4007,71,7.5,1.8,0.6,89.7,0.4,"ballroom hair removal wash, ballroom hair removal, ballroom hair",46,54,93,7,61,39,71,19,6,2,2,35.2,13.2,,,22.1,,,really blew up in english speaking/european countries,
45,https://www.tiktok.com/@embilybond/video/7213733920247139630,VOLUME UP üîä clearly it‚Äôs not gorilla glue but rather a tonnn of gel and hairspray üòÅü•∞ #volume #got2bstyled #gel #got2bglued #ballroomhair #hairtok #ballroomdance #trending #viral #live #embily #asmr #asmrsounds #asmrvideo #fyp #foryou #fyp„Ç∑ #hairstyle #beauty #hairandmakeup,3/23/23,7:32 AM,41.93s,5919776,177k,2731,13k,13k,20097h:26m:19s,12.2s,9.85,4210,29,6,1.5,18.8,73.5,0.2,"gorilla glue girl now, gorilla glue hair, gorilla glue girl",69,31,99,1,25,74,59,25,9,4,3,38.8,14.7,,,14.3,,,Also blew up in European countries. We'll see if there's a shift?,
46,https://www.tiktok.com/@embilybond/video/7214277719989882158,Today is a good day y‚Äôall üòÅü´∂ #volume #got2bstyled #gel #got2bglued #ballroom #ballroomhair #hairtok #ballroomdance #trending #viral #live #embily #dance #dancer #tryouts #audition #grwm #fyp #foryou #fyp„Ç∑,3/24/23,6:42 PM,32.74s,345944,4504,27,25,280,560h:40m:29s,5.8s,7.36,168,18,79,19.8,0.5,0.1,0.6,"Get ready with me for dance, dance tryout outfit, ballroom practice outfits",53,47,88,12,33,67,62,25,8,3,2,44.4,23.2,5.5,4.5,8.2,,,,
47,https://www.tiktok.com/@embilybond/video/7214646553351294251,Super freak like the song suggests üòÇalso these tiktok templates are getting out of hand ‚úãüòî ALSOOOO THANK YOU FOR 200K!!!! (Should I do 200 layers of hairspray??) #volume #got2bstyled #gel #got2bglued #ballroomhair #hairtok #ballroomdance #trending #viral #live #embily #fyp #foryou,3/25/23,6:33 PM,7.85s,384490,2907,19,12,145,505h:57m:45s,4.7s,20.15,94,60,77.7,20.2,0.3,0.3,1.5,,52,47,86,14,31,68,61,26,8,3,2,43.8,24.4,4.2,5.6,7.1,,,,
48,https://www.tiktok.com/@embilybond/video/7215362063034518827,When my makeup is five shades darker‚Ä¶ the life of a dancer üò©üíÖüèº #v#volumeg#got2bstyledg#gelg#got2bgluedb#ballroomhairh#hairtokt#trendingv#virall#livee#embilyf#fypforyou #fyp„Ç∑ #makeup #glam #hairandmakeup #dancer,3/27/23,4:49 PM,27.77s,385117,5459,25,54,323,1091h:4m:9s,10.2s,16.43,195,37,71.8,17.8,5.8,2.3,2.3,"ballroom hair removal wash, makeup looks ballroom",44,56,93,7,27,72,60,27,8,3,2,41.7,28.1,3.7,4.7,6.9,,,,
49,https://www.tiktok.com/@embilybond/video/7216389890915798314,Here are some more taps and a gel wave peel ü•∞  #volume #got2bstyled #gel #got2bglued #ballroomhair #hairtok #trending #viral #live #embily #fyp #foryou #asmr #asmrsounds #asmrvideo #hairpsray #dancer #fyp #foryou #fyp„Ç∑,3/30/23,11:18 AM,46.81s,614687,13k,147,985,1510,1635h:47m:30s,9.6s,7.57%,905,21,44.6,12.6,31,11.4,0.4,ballroom hair tapping,56,44,98,2,26,73,59,26,9,3,3,42,18.6,6.6,5.9,5.1,,,Also performed decent in Europe,
50,https://www.tiktok.com/@embilybond/video/7216818857510473003,A crunchy slick bun removal!! ü§† #volume #got2bstyled #gel #got2bglued #ballroomhair #hairtok #trending #viral #live #embily #fyp #foryou #pressonnails #nails #rainyroses #fyp„Ç∑,3/31/23,3:03 PM,21.20s,1032754,27k,208,1075,2187,2554h:56m:53s,8.9s,17.72,990,42,26.6,7.8,26.7,37.6,1.3,"got2b hair gel, slick back removal",52,48,99,1,21,78,59,26,9,3,3,48.6,17.3,3.6,2.8,6.7,,,,
51,https://www.tiktok.com/@embilybond/video/7217198311667731754,"Lol someone sent this to me and I thought it was funny ü§∑‚Äç‚ôÄÔ∏è

#greenscreenvideo #reaction #react #sssniperwolf #youtube #volume #got2bstyled #gel #got2bglued #ballroomhair #hairtok #trending #viral #live #embily #fyp #foryou #fyp„Ç∑ #asmr #asmrsounds #duet",4/1/23,3:35 PM,44.16s,21132790,1.2m,5484,2649,103k,136926h:39m:54s,23.4s,30.21,39297,53,1.5,0.6,70.3,27.5,0.1,"is that your real hair, sssniperwolf, is that your real hair original video",55,45,99,1,24,74,61,25,8,3,3,20.1,45.7,,,11.7,,,,
52,https://www.tiktok.com/@embilybond/video/7217997421081627950,The slick man.  #volume #got2bstyled #gel #got2bglued #ballroomhair #hairtok #trending #viral #live #embily #fyp #foryou #fyp„Ç∑ #tutorial #grwm,4/3/23,7:16 PM,35.57s,333440,6912,39,61,494,997h:44m:56s,10.8s,17.31,157,30,78.1,18.4,1.5,0.8,1.2,"turning into an egg, Embily, pelo pegado en la cara con gel",51,49,90,10,31,68,60,26,8,3,3,43.7,23.7,3.6,4.1,6.3,,,,
53,https://www.tiktok.com/@embilybond/video/7218967054261488939,"K this was a gross idea ü§¢üòÇ THANKS TO ALL YOU 225,000 FOR HANGIN IN THERE ü´∂ #volume #got2bstyled #gel #got2bglued #ballroomhair #hairtok #trending #viral #live #embily #fyp #foryou #200k #fyp„Ç∑ #hairspray #layerup ",4/6/23,9:59 AM,74.37s,378586,7594,33,52,451,1451h:36m:53s,13.8s,7.09,318,19,78.3,14,1.7,3.3,2.7,"evita si raja hair spray, putting 200 layers of glue in hair, 200 layers of glue hair",52,48,91,9,27,72,58,27,9,3,3,43.9,22.6,3.5,3.6,6.8,,,,
54,https://www.tiktok.com/@embilybond/video/7219418289250815274,#duet with @bradmondonyc lol whoopsies ü§≠ #volume #got2bstyled #gel #got2bglued #ballroomhair #hairtok #trending #viral #live #embily #fyp #foryou #bradmondo #bradmondonyc #reaction #fyp„Ç∑,4/7/23,3:10 PM,45.28s,346533,7058,37,39,453,1129h:46m:7s,11.7s,6.87,193,26,80.4,13.5,2.1,1.8,1.8,"Brad mondo reacting, got2b hair gel, ballroom hair",52,48,94,6,26,73,58,27,9,3,3,42.6,22.6,3.6,3.5,5.7,,,First views from SOUND!!!!,
55,https://www.tiktok.com/@embilybond/video/7220036312529669419,A bit of the aftermath from my 200k video üò∞ #asmr #askrsounds #volume #got2bstyled #gel #got2bglued #ballroomhair #hairtok #trending #viral #live #embily #fyp #foryou #fyp„Ç∑ #hairspray,4/9/23,7:08 AM,8.94s,2069490,58k,720,957,4390,4275h:13m:11s,7.1s,43.12,9290,79,13.5,2.1,12.6,70.5,1.3,"putting 200 layers of glue in hair, evita si raja hair spray",45,55,98,2,15,62,53,27,11,5,4,26.2,55.6,,1,5.1,,,23% other gender like what?,
56,https://www.tiktok.com/@embilybond/video/7221047801994677547,This is my formation team in concert Love them!!! ü§≠ü´∂ #volume #got2bstyled #gel #got2bglued #ballroomhair #hairtok #trending #viral #live #embily #fyp #foryou #meghantrainor #gucci #ballroomdance #formation #team #fyp„Ç∑,4/12/23,12:34 AM,19.25s,309911,5793,44,39,429,662h:40m:34s,7.7s,13.38,157,40,87.2,11.6,0.2,0.2,0.8,"gucci dance, ball room dancing meghan trainer, trend gucci danca, ballroom team formation",51,49,86,14,23,76,59,27,8,3,3,47,19.2,5,5.3,5.1,,,,
57,https://www.tiktok.com/@embilybond/video/7221344055513484590,"Lol i dont know if i see it, do you?  #greenscreen #lookalike #amberheard #embily #live #viral #trending #fyp„Ç∑ #foryourpage ",4/12/23,7:43 PM,8.17s,291410,3405,36,28,175,257h:58m:0s,3.2s,12.91,79,39,84.4,12.7,1,0.5,1.4,amber heard look alike,56,44,90,10,24,75,58,27,9,3,3,47.3,20.4,5.1,4.5,5.8,,,,
58,https://www.tiktok.com/@embilybond/video/7221615553436224811,Thanks havey wavey for letting me try üòÇ üíï  #gorillaglue #asmr #asmrsounds #volume #got2bstyled #gel #got2bglued #ballroomhair #hairtok #trending #viral #live #embily #fyp #foryou #superglue #fyp„Ç∑,4/13/23,1:16 PM,53.20s,347149,6587,41,75,695,1217h:20m:11s,12.6s,5.85,254,24,77.4,12.1,6.9,2.3,1.3,super glue cheveux 2,52,48,94,6,23,75,56,28,9,4,3,45.9,22.4,5.4,4.8,6.1,,,,
59,https://www.tiktok.com/@embilybond/video/7221658854919114026,Replying to @bk_ramshur02 also I forgot to mention our hairstyles look dope on the floor!  #greenscreen #oliveandjune #gorillaglue #got2be #volume #got2bstyled #gel #got2bglued #ballroomhair #hairtok #trending #viral #live #embily #fyp #foryou #fyp„Ç∑,4/13/23,4:04 PM,21.59s,509690,6968,52,51,389,1087h:29m:3s,7.9s,16.53,317,36,59.6,9.1,30.6,0.4,0.4,"what is ballroom hair for, why is ballroom hair like that",58,42,99,1,20,79,52,31,10,4,3,36.5,38.1,4.3,4,4.6,,,,
60,https://www.tiktok.com/@embilybond/video/7223051329084771630,Apparently the taps are controversia. Do you like them? ü´£  #volume #got2bstyled #gel #got2bglued #ballroomhair #hairtok #trending #viral #live #embily #fyp #foryou #team #taps #asmr #asmrsounds #fyp„Ç∑,4/17/23,10:08 AM,43.35s,2390923,264k,215,1010,11k,15110h:12m:49s,22.7s,29.74,1565,52,12.4,2.5,13.3,71,0.8,"ballroom hair washing, ballroom hair, washing ballroom hair",46,54,98,2,12,87,70,19,6,3,2,25.2,44,,,9.5,,,,
61,https://www.tiktok.com/@embilybond/video/7224290915916156206,Who said dancers were supposed to be graceful  #greenscreenvideo #volume #got2bstyled #gel #got2bglued #ballroomhair #hairtok #trending #viral #live #embily #fyp #foryou #bradmondo #reaction #fyp„Ç∑,4/20/23,6:18 PM,19.48s,332338,3584,13,10,201,421h:38m:58s,4.6s,5.61,204,23,86.9,11.8,0.5,0.2,0.6,video gel capelli trend originale,49,51,87,13,22,77,58,27,9,3,3,44.3,19.7,6.9,6,5.1,,,,
62,https://www.tiktok.com/@embilybond/video/7226442319287815467,Peeling 200 layer gel wave üòéü§¢ #asmr #asmrsounds  #hairspray #got2be #gel #got2bglued #hairtok  #fyp #foryou #embily,4/26/23,1:27 PM,35.48s,637707,15k,164,317,1326,2145h:15m:13s,12.2s,11.28,483,34,55.2,6.6,27,8.7,2.6,"removing 200 layers glue from my hair, putting 200 layers of glue in hair, 200 layers of glue hair",57,43,98,2,21,77,53,30,10,4,3,35.9,33.3,4.7,4.7,6.8,,,,
63,https://www.tiktok.com/@embilybond/video/7227710595464809770,#OlsaS√ºperOlur #greenscreen,4/29/23,11:28 PM,14.74s,351499,3626,14,24,196,427h:14m:50s,4.4s,6.57,113,30,90.3,9.1,0.1,0.1,0.4,embilybond,50,50,85,15,22,76,57,28,9,3,3,44.7,18.5,7.3,6.9,4.4,,,,
64,https://www.tiktok.com/@embilybond/video/7228005259497557291,"And before you ask‚Ä¶ YES, my makeup does need to be that dark.  #asmr #asmrsoundsdaily #gelwave #embily #hairtok #fyp #fyp„Ç∑ ",4/30/23,6:32 PM,11.31s,16143327,96k,600,7281,6456,37395h:25m:23s,8.3s,40.73,6281,73,2.5,0.3,0.4,96.6,0.2,forehead wave,53,47,95,5,17,79,31,33,21,10,5,50.2,3.2,11.1,4.5,,,,,
65,https://www.tiktok.com/@embilybond/video/7229946726533090602,"Not the kind of dancing you‚Äôre expecting from me, but look at these slipperssssss ü•∞ #ballroom #ballroomdance #asmr #embily #gelwave #hairtok #fyp ",5/6/23,12:06 AM,9.15s,385767,7277,30,60,386,571h:24m:40s,5.3s,21.63,211,58,90.2,8.1,0.2,0.6,0.9,"slippers asmr, embilybond",50,50,86,14,21,77,57,28,9,3,3,43.3,19.3,7.5,8,4.2,,,,
66,https://www.tiktok.com/@embilybond/video/7231046889834269998,"Replying to @pinchymanqo and some people dont tan for ballroom competitions. Personally, I think it looks better on the floor and under the lights. Hope this helped ü´∂  #tanning #tanningbyshawnjohn #ballroom #embily #fyp #fyp„Ç∑ ",5/8/23,11:15 PM,23.8s,379740,3391,16,14,200,377h:53m:9s,3.6s,3.76,120,15,86.1,6.3,7.1,0.2,0.3,"ballroom porque se broncean, pallrom without tan",50,50,98,2,21,77,56,28,9,4,3,43.4,18.5,7.8,7.5,4.5,,,,
67,https://www.tiktok.com/@embilybond/video/7231154227127815470,So who was going to tell me my transitions were lame üò©  #ootd #dancewear #embily #ballroom #fyp #fyp„Ç∑ #danceclothes #foryou,5/9/23,6:11 AM,35.48s,449797,7165,37,33,513,969h:26m:10s,7.8s,4.17,445,22,92.3,7.1,0.1,0.1,0.4,,52,48,87,13,24,74,58,27,9,3,3,42.8,19.2,8.6,7.5,4,,,,
68,https://www.tiktok.com/@embilybond/video/7231592510458678574,Lol my poor retired shoes‚Ä¶ #ballroomdance #shoes #fyp #embily #fyp„Ç∑ #foryou,5/10/23,10:23 AM,34.80s,424519,4817,27,19,352,469h:58m:28s,4.0s,1.93,251,11,92.9,6.5,0.2,0.1,0.3,"ballroom shoes squishy, ballroom dance shoes",47,53,85,15,22,76,56,28,9,4,3,43.2,18.8,8.7,7.7,4,,,,
69,https://www.tiktok.com/@embilybond/video/7234328925843819819,Thanks for hanging in there through this transition and i promise ill have new things coming soon!  Definitely go follow me on insta! We can we interact and i can show you what my life is like. Love you all ü´∂ #embily #fyp #fyp„Ç∑,5/17/23,7:31 AM,34.94s,445759,5209,18,16,258,389h:31m:53s,3.1s,0.46,292,9,94.3,5.3,0.1,0.1,0.2,"embilybond, ebily",50,50,85,15,21,77,54,29,10,4,3,41.9,21.1,6.7,7.3,3.8,,,,
70,https://www.tiktok.com/@embilybond/video/7234953079588965678,Tiktok deleted my whole video so heres the content that remains üò¢ ARTSITIC SWIMMERS- tell me eveything i did wrong  #artisticswimming #embily #fyp #fyp„Ç∑ #foryou #knoxgelatin,5/19/23,11:53 AM,34.43s,1802064,42000,99,426,2595,5641h:13m:29s,11.3s,16.57,1753,33,31,1.9,16.3,49.8,1,"hair gel removal, swimmer hair removal gel",63,37,98,2,12,86,61,25,8,3,3,36.9,27.1,4,3.8,4.7,,,,
71,https://www.tiktok.com/@embilybond/video/7234957530701778222,Replying to @embilybond it looks so ickyyyyy #artisticswimming #embily #fyp #gel #hairtok #foryou,5/19/23,12:10 PM,19.48s,884695,16000,48,157,848,2198h:47m:25s,8.9s,19.38,325,46,62.6,3.5,8.7,24.1,1.1,"likma hair gel, Artistic Swimming Hair Removal Gel",50,50,96,4,14,84,58,27,9,3,3,41.2,26.6,4.2,4.3,6.1,,,,
72,https://www.tiktok.com/@embilybond/video/7236427157931691307,Featuring Ms Jenny ü•∞ #artisticswimminghair #fyp #gel #mom #embily #hairtok #foryou,5/23/23,11:13 AM,41.52s,915361,40000,35,77,1280,3440h:38m:1s,13.5s,10.71,463,33,56.1,2.9,6.7,34.3,0,"artistic swimming hair removal gel, artistic swimming hair gel, Embily",49,51,95,5,12,85,57,28,9,3,3,33.2,31.6,3.5,3.3,9.2,,,,
73,https://www.tiktok.com/@embilybond/video/7236866287358512426,New shoes!!! And dancing on carpet in heels is not ideal ü§™ #ballroomdance #ballroom #shoes #aidashoes #embily #fyp #fyp„Ç∑,5/24/23,3:37 PM,6.89s,550107,5997,22,36,362,688h:57m:17s,4.5s,34.45,193,65,93.8,4.6,1.5,0.1,0,"ballroom dance shose, aida shoes, Aida shoes",53,47,91,9,19,78,54,29,10,4,3,39.9,24.2,5.7,5.1,4.3,,,,
74,https://www.tiktok.com/@embilybond/video/7237647434543877422,"Yo forget about the high pony tail face lift, do this. Highly recommend üòéüòè #embily #fyp„Ç∑ #artisticswimminghair #hairtok #asmr ",5/26/23,6:08 PM,14.46s,1088327,29000,36,104,980,2433h:26m:17s,8.1s,34.14,377,56,45.1,2.2,3.4,49.3,0,"asmr gelatin hair, gelatin rambut asmr",57,43,92,8,12,86,65,23,7,3,2,37.5,27.7,2.5,2.2,11.3,,,,
75,https://www.tiktok.com/@embilybond/video/7237877613220416814,What if I did the gelatin with a gel wave in my hair ü§® #asmr #asmrsounds #embily #artisticswimminghair #fyp„Ç∑,5/27/23,9:02 AM,14.46s,17368631,751000,5362,24000,61000,43223h:32m:35s,8.9s,31.58,31233,61,4.5,0.7,18.4,76.3,0.1,"artistic swimming hair, gelatin hair",51,49,97,3,21,74,57,24,11,4,4,48.7,14,4.6,,3.4,,,,
76,https://www.tiktok.com/@embilybond/video/7239416261803904299,"Replying to @i_love_millie_3 lol everyone is asking how I got it out, and yes my hair is fine üíÄ #artisticswimminghair #hairtok #knox #embily #foryou ",5/31/23,12:32 PM,33.18s,8531557,140000,623,1914,7175,39474h:56m:18s,16.6s,27.64,3682,50,10.2,0.4,20.4,69,0,"knox hair gel removal, artistic swimming hair removal",61,39,99,1,22,76,47,34,12,5,2,29.6,34.7,,,7.2,,,,
77,https://www.tiktok.com/@embilybond/video/7240180940465655082,Goin on vaca #embily #foryou #vacation #packwithme #mediterranean,6/2/23,2:00 PM,16.41s,541558,6593,24,24,357,610h:43m:15s,4.0s,6.59,187,25,95.4,4.3,0.2,0.1,0,embilybond,50,50,86,14,22,74,54,29,10,4,3,41.9,22,6,5.7,3,,,,
78,https://www.tiktok.com/@embilybond/video/7240757948211825966,"Okay okay last gelatin video for a while, I promise  #asmr #embily #asmrsounds #volume #foryou #fyp„Ç∑ ",6/4/23,3:20 AM,13.05s,683809,14000,57,184,1072,1751h:8m:12s,9.2s,39.27,388,71,83.6,4.3,1.2,10.9,0,"gummy hair asmr, gelatin hair removal asmr",46,54,89,11,20,75,55,29,9,4,3,41.9,22.2,5.9,5.4,4.6,,,,
79,https://www.tiktok.com/@embilybond/video/7249057778461871402,"Guys, I suck at maintaing routines but this is one of my favorites and it makes my hair look so shiny and feel so hydrated and healthy. Let me know if you try it!  #hairtok #haircare #routine #embily #asmr #foryou #hairroutine ",6/26/23,12:06 PM,45.49s,410105,7515,29,68,1100,979h:41m:11s,8.6s,3.99,254,19,93.5,5.7,0.3,0.5,0,"hair oiling routine, asmr hair oiling",47,53,87,13,22,73,55,30,9,3,3,40,21.7,7.1,7.9,2.9,,,,
80,https://www.tiktok.com/@embilybond/video/7250318342714690858,Aint it the truth  #hairtok #ballroomdance #ballroom #embily #mcdonalds,6/29/23,9:38 PM,8.78s,425692,9250,23,66,497,455h:30m:27s,3.8s,12.72,144,44,94.4,5.1,0.1,0.4,0,embilybond,49,51,84,16,23,73,56,29,9,3,3,40,21.5,7.3,8.2,3,,,,
81,https://www.tiktok.com/@embilybond/video/7252206389815299370,I cant tell if its a blessing or a curse at this point ü§° #asmr #embily #asmrsounds #hairtok #foryou,7/4/23,11:45 AM,9.84s,1473595,53000,129,318,4996,3111h:50m:40s,7.6s,35.3,1989,78,31.9,2.5,50.9,14.7,0,"asmr tapping, Asmr tapping, asmr nail tapping",35,65,99,1,30,66,55,29,9,4,3,34.3,36.7,3.7,3.7,4.3,,,,
82,https://www.tiktok.com/@embilybond/video/7252498590948429099,"Gorilla glue works hard, but my hair gel works harder üò§ #gorillaglue #ASMR #asmrsounds #embily #hairtok #hairtok ",7/5/23,6:38 PM,13.26s,580106,10000,78,233,796,1100h:40m:40s,6.8s,27.05,406,52,90.8,4.4,4.7,0.1,0,"gorilla glue girl now, gorilla glue hair",57,43,96,4,24,72,55,30,9,3,3,38,24.4,7.4,8,2.9,,,,
83,https://www.tiktok.com/@embilybond/video/7253238518527348010,I posted the tutorial a few days ago! Do you have any products you swear by? üßê #ASMR #ASMRsounds #embily #hairtok #haircare #foryou,7/7/23,6:30 PM,25.28s,732381,13000,63,114,1128,2019h:29m:54s,9.9s,16.92,564,39,95.3,4,0.4,0.3,0,asmr hair,49,51,88,12,27,70,59,28,8,3,2,37.6,21.1,8.3,9.1,2.6,,,,
84,https://www.tiktok.com/@embilybond/video/7254727942087937323,Not my little hustle to turn off tbe camera üò≠  thanks @Charlie for making this a thing  #getreadywithme #embily #hairtok #ballroomdance #foryou,7/11/23,6:49 PM,8.94s,654194,11000,18,37,574,946h:0m:49s,5.2s,27.81,300,58,94.4,4.1,0.3,1.2,0,"Embily, embilybond, emily ballroom dancing, get ready without me",51,49,86,14,25,71,58,28,8,3,3,38.7,20.7,8.1,8.9,2.8,,,,
85,https://www.tiktok.com/@embilybond/video/7256072920747838763,Some of the most uncomfortable sleep  #ballroomhair #hairtok #embily #foryou #gorillaglue,7/15/23,9:49 AM,8.54s,749299,13000,36,46,573,1103h:25m:0s,5.3s,27.57,230,62,91.4,4,1.8,2.8,0,"sleep bun, fat buns",50,50,93,7,27,70,58,28,8,3,3,37.7,22.4,8,8.6,2.8,,,,
86,https://www.tiktok.com/@embilybond/video/7256838211035467065,Finally got to compete again. Does anyone want a video of me taking out my hair?? üò≥ #transition #hairtok #makeup #ballroomhair #embily #gorillaglue,7/17/23,11:18 AM,5.67s,812290,15000,195,234,809,1075h:2m:6s,4.8s,46.38,437,84,93.9,4.3,0.5,1.3,0,"ballroom hair removal, gorilla glue girl hair now, embilybond",48,52,89,11,28,69,58,28,8,3,3,37.5,21.5,8.5,8.9,2.6,,,,
87,https://www.tiktok.com/@embilybond/video/7257191920407940398,üîävolume UPPP Taking out my ballroom hair Hair&makeup: elegant image by jenna Tan: @tanningbyshawnjohn @Karim Roca Samhan  #asmr #asmrsounds #ballroomhair #hairtok #embily #gorillaglue #legopiece,7/18/23,10:11 AM,52.31s,175151656,8700000,97000,571000,606000,1068886h:19m:24s,21.9s,23.9,330478,42,1.2,3.3,14.5,81,0,"gorilla glue cabello, gorilla glue girl, ballroom hair removal",60,40,99,1,33,64,58,28,8,3,3,49.3,14.4,10,9.2,2,,,,
88,https://www.tiktok.com/@embilybond/video/7257942477284412715,Taking my comp makeup off ü•≥ #ballroomhair #hairtok #makeup #embily #gorillaglue #foryou,7/20/23,10:43 AM,34.02s,1620696,51000,307,856,2626,6732h:4m:15s,14.9s,29,1655,44,96.5,2.6,0.3,0.6,0,"Embily, taking makeup off",48,52,89,11,30,68,62,26,7,3,2,37.2,18.9,9.7,9.3,,,,,
89,https://www.tiktok.com/@embilybond/video/7260675262621175086,Such a fun day! #vlog #ballroomdance #embily #fyp #dance #dayinmylife,7/27/23,7:28 PM,34.41s,660105,5915,24,15,275,779h:43m:34s,4.3s,1.09,325,12,94.1,5.8,0,0.1,0,,56,44,87,13,28,70,60,27,8,3,2,31,26.7,11.8,7.5,3.2,,,,
90,https://www.tiktok.com/@embilybond/video/7262771678264954158,"Hehe I think these are fun. Preping for more competition!!! ü•∞
Fun clothes from @aelfricedenofficial, check their back to school outfit!

#aelfriceden #ballroomdance #embily #fyp #vlog",8/2/23,11:03 AM,31.10s,426262,5646,26,34,333,573h:55m:16s,4.9s,1.07,336,16,90.6,9,0.2,0.1,0.1,,54,46,87,13,24,74,59,27,8,3,3,35.2,19.9,9.8,9.3,4.3,,,,
91,https://www.tiktok.com/@embilybond/video/7263964525534367018,competition prep ü•∞ #barbie #barbiegirl #ballroomdance #ballroom #dance #fyp #embily,8/5/23,4:12 PM,34.5s,436221,7283,34,87,586,824h:12m:5s,6.8s,4.2,298,20,85.6,13.4,0.6,0.3,0.1,"barbie dance ballroom, ballroom dance barbie, barbie ballroom dance",56,44,89,11,26,72,59,28,8,3,2,35.2,22.9,11,7,4.7,,,,
92,https://www.tiktok.com/@embilybond/video/7266464557348965674,Hehe loving making these videos!! I‚Äôm also competing this weekend so wish me luck! ü•∞ @REORIA  #reoria #amazon #embily #fyp,8/12/23,9:53 AM,18.44s,281288,3718,12,35,241,406h:53m:31s,5.2s,9.5,259,28,79.5,19.6,0.3,0.4,0.2,"reoria, dance tops",54,46,87,13,28,69,57,29,9,3,2,35.5,25.9,9.2,7.2,5.1,,,,
93,https://www.tiktok.com/@embilybond/video/7266974357639941419,Ready to dance üòé #hairtok #hairandmakeup #makeup #fyp #makeup #embily,8/13/23,6:52 AM,8.15s,274858,4205,85,31,234,371h:5m:45s,4.9s,25.08,143,60,76.7,22.1,0.1,0.8,0.3,"embilybond, embily",54,46,86,14,27,70,57,29,9,3,2,36,27.9,7.3,7.1,5.1,,,,
94,https://www.tiktok.com/@embilybond/video/7267957182086270254,"Tried a different hairstyle! Do we like the waves üåä or the twist üå™Ô∏è better?

#ballroomhair #hairtok #hairandmakeup #asmr #asmrsounds #embily #fyp",8/16/23,10:26 AM,30.28s,2881261,62000,452,2995,3912,12189h:30m:22s,15.0s,22.67,2513,50,9.2,2.7,2.7,85.3,0.1,"Embily, embilybond, ballroom hair asmr, hair waves ballroom",51,49,96,4,13,85,64,25,6,2,3,27.6,7.4,1.1,1.1,,,,randomly blew up in like indonesia and middle east,
95,https://www.tiktok.com/@embilybond/video/7267979674469272874,"Replying to @Lucero_Pedroza #greenscreen haha idk you tell me though. I see sooo many people freaking out about the health of my hair. Its just hair gel, not gorilla glue!!! Yall make me laughhhhh ü§≠",8/16/23,11:53 AM,14.77s,347487,4455,37,32,265,472h:2m:28s,4.9s,12.93,203,33,75.8,23.3,0.2,0.6,0.1,"embilybond, emlimby, hairy forehead girl, gel hair girl",54,46,87,13,26,71,56,30,9,3,2,37.4,29.6,7.1,5.8,5.4,,,,
96,https://www.tiktok.com/@embilybond/video/7269087706934824238,Vegas is wildin üé∞ü§™ #roadtrippin #embily #vlog #fyp #foryou,8/19/23,11:33 AM,9.33s,233174,2562,7,4,125,213h:11m:6s,3.3s,10.98,88,35,66.1,33.1,0.2,0.3,0.3,embilybond,54,46,86,14,25,72,55,31,9,3,2,36.2,29.1,8.1,7.1,4.4,,,,
97,https://www.tiktok.com/@embilybond/video/7269483172432203054,"Also, I tried the lemon oil stuff. I don‚Äôt know what i did wrong but that stuff does not work.  #asmr #hairtok #asmrsounds #fyp #embily ",8/20/23,1:07 PM,17.60s,2564667,37000,35,210,1564,8346h:25m:21s,11.7s,39,853,66,7.1,3.5,3,86.3,0.1,"rubber band asmr, snap a hairband",45,55,94,6,7,92,51,32,11,4,2,32,31.7,4.2,5.5,3,,,,
98,https://www.tiktok.com/@embilybond/video/7270183183189331246,Vegas Babyyy!! Thank you Mariya for glamming me up for this comp ü•∞ #asmr #asmrsounds #ballroomhair #tanningbyshawnjohn #embily #fyp #hairtok #glam,8/22/23,10:24 AM,29.77s,390098,9114,107,305,757,891h:42m:34s,8.2s,12.73,359,28,47.1,26.2,1.8,24.6,0.3,"ballroom hair removal, ballroomhair removal asmr, ballroom hair removal wash",50,50,93,7,25,73,54,31,9,4,2,35.4,26.6,6.7,6.3,5.1,,,,
99,https://www.tiktok.com/@embilybond/video/7270577363849891118,"I haven‚Äôt gone longer than a few days, but I bet it could stay for a HOT SEC  Hair ans makeup: @Mariya Usan Studio  Tanning: @Karim Roca Samhan @tanningbyshawnjohn  #hairtok #hairandmakeup #ballroomhair #embily #foryou ",8/23/23,11:53 AM,9.17s,308446,6755,28,18,293,440h:59m:53s,5.1s,22.32,137,56,57.3,36.8,0.9,4.8,0.2,"ballroom hair washing, washing ballroom hair, ballroom hair removal wash it",55,45,89,11,27,70,56,31,8,3,2,34.2,31.3,8.2,8,3.9,,,,
100,https://www.tiktok.com/@embilybond/video/7271296330390113578,How the gel wave is made. Thank you Mariya!!  #ballroom #hairtok #makeup #ballroomhair #embily #foryou,8/25/23,10:23 AM,17.40s,469547,16000,48,234,1155,1603h:58m:43s,12.3s,40.66,321,71,44.1,31.5,7.6,15.8,0.5,"gel waves hairstyle, embilybond",55,45,96,4,25,73,54,32,9,3,2,39.3,26,8,8.1,3.9,,,got 0.5% from sound,
101,https://www.tiktok.com/@embilybond/video/7271579985310125354,Replying to @Foxygalaxy@ me and my super cool new partner dancing a     üí•CHA CHAüí• üíÉThank you @Karim Roca Samhan and @tanningbyshawnjohn !!! #chacha #ballroom #ballroomdance #hairtok #embily #foryou #tanningbyshawnjohn,8/26/23,4:45 AM,24.92s,402967,20000,97,196,1178,1604h:55m:47s,14.3s,26.25,642,58,54.5,40.3,2.5,2.3,0.4,"ballroom dancing, embilybond, chacha dance, ballroom dance",55,45,93,7,28,69,57,30,8,3,2,35.1,29.9,8.3,8.4,3.4,,,,
102,https://www.tiktok.com/@embilybond/video/7271742126898105643,"Also while those hairs were growing out, nothing. I mean nothing. Would keep them down üò≠üíÄ @REORIA  #reoria #greenscreen #embily #foryou #storytime #fyp",8/26/23,3:13 PM,96.97s,323808,3567,12,14,205,713h:26m:9s,7.9s,1.79,134,8,58.2,4.12,0.2,0.3,0.1,embilybond,57,43,88,12,30,67,57,30,8,3,2,35.8,27.5,9.5,9.3,3.2,,,,
103,https://www.tiktok.com/@embilybond/video/7272093061449076011,A walking jumpscare.  #embily #makeup #hairtok #foryou #hairandmakeup #fyp,8/27/23,1:55 PM,14.37s,361374,5782,51,30,245,713h:8m:52s,7.1s,28.25,140,49,53.8,43.6,0.1,2.1,0.4,"Embily, emily takes off her makeup",57,43,88,12,29,68,57,30,8,3,2,37.4,26.9,8.6,9,3.3,,,,
104,https://www.tiktok.com/@embilybond/video/7272779539867077930,Lowkey a chore when it‚Äôs midnight and you‚Äôve been dancing all day #ballroomhair #embily #momsoftiktok #hairtok #foryou #fyp,8/29/23,10:19 AM,25.50s,5000828,462000,130,839,23000,23049h:31m:26s,16.7s,42.46,7422,65,4.7,4,12.8,78.5,0,"ballroom hair, ballroom hair washing, ballroom hair removal wash it, ballroom hair removal, washing ballroom hair",44,56,98,2,7,92,45,37,11,4,3,11.3,73.3,0.8,0.8,5.7,,,,
105,https://www.tiktok.com/@embilybond/video/7273519543471918378,Literally smiling from ear to ear. So excited to have a creation from Michael Chen!!  #ballroomdress #dress #embily #unboxing #yp #foryou,8/31/23,10:10 AM,20.48s,394899,4500,50,42,306,484h:2m:26s,4.4s,4.1,222,22,45.1,53.6,0.2,1,0.1,"ballroom dress, Ballroom dress, embilybond",58,42,89,11,31,66,58,29,8,3,2,37.1,27.4,8.8,9.2,3.1,,,,
106,https://www.tiktok.com/@embilybond/video/7274277631300881706,Ready to compete at embassy!!! But also fr where did my sock go‚Ä¶ ü§® #competition #embily #packing #foryou #fyp,9/2/23,11:12 AM,7.55s,303008,2456,6,13,148,234h:45m:10s,2.8s,8.78,73,37,31.6,67.4,0.2,0.5,0.3,,57,43,88,12,29,68,57,30,8,3,2,39.9,24.1,8.1,9.8,3.3,,,,
107,https://www.tiktok.com/@embilybond/video/7275342368457461034,"Whoever suggested this audio, you‚Äôre a genius and I love you.  #barbie #hair #hairtok #ballroom #foryou #fyp #hairspray #embily ",9/5/23,8:04 AM,7.43s,290742,3271,11,10,198,255h:10m:0s,3.2s,13.04,85,43,17,81.7,0.1,0.8,0.4,evita si raja hair spray,58,42,89,11,29,68,57,30,8,3,2,41.9,21.6,7.8,10.1,3.4,,,,
108,https://www.tiktok.com/@embilybond/video/7275764736648662314,#duet with @Mariya Usan Studio Thank you Mariya!!! ü´∂ #ballroomdance #hairandmakeup #hairtok #makeup #embily #fyp #costume #foryou,9/6/23,11:23 AM,12.91s,365640,5677,12,30,271,643h:41m:27s,6.3s,6.89,210,49,11.8,87.5,0.2,0.1,0.4,"mariya usan studio, Embily",61,39,91,9,29,68,57,30,8,3,2,41.3,22.4,7.3,10.3,3.5,,,,
109,https://www.tiktok.com/@embilybond/video/7276103360682495275,"Not as crunchy this time. Sorry, the hot tub was calling my name üò≠ ‚ú®Hair and makeup‚ú® by @Mariya Usan Studio ü´∂ #asmr #asmrsounds #hairtok #gelwave #embily #foryou ",9/7/23,9:17 AM,15.90s,984896,16000,112,421,1162,2029h:33m:37s,7.2s,24.46,488,45,6.1,37.2,3.7,52.5,0.5,"peeling gel off hair, gel wax asmr",63,37,95,55,20,78,58,29,8,3,2,38.4,16.8,9.4,12,2.6,,,,
110,https://www.tiktok.com/@embilybond/video/7276863084512251182,Replying to @üëª also the water was a lot hotter than I was expecting lol.  #hairtok #gelwave #embily #foryou #hairandmakeup #fyp,9/9/23,10:25 AM,7.24s,1737259,40000,232,92,1872,4623h:51m:22s,9.6s,78.85,1105,67,70.8,23.2,2.1,33.7,0.2,"emily jelly hair, embilybond",60,40,98,2,33,64,62,28,6,2,2,42.9,19.5,6.6,9.5,3.8,,,,
111,https://www.tiktok.com/@embilybond/video/7278338489563811118,Have a great day!!! Thank you @REORIA ü´∂ #reoria #reoriabodysuit #embily #styling #foryou #fyp,9/13/23,9:50 AM,34.50s,303774,5408,27,32,339,496h:44m:27s,5.9s,5.16,341,17,0.9,95.8,0.3,2.7,0.3,"reoriabodysuit, reoria bodysuit",62,38,92,8,30,67,60,29,7,2,2,41,20.5,7.1,10,3.9,,,,
112,https://www.tiktok.com/@embilybond/video/7279442033448733994,How do we feel about the guts album?  #guts #embily #ballroomhair #costume #dress #hairtok #hairandmakeup #fyp,9/16/23,9:13 AM,7.68s,246310,2123,23,9,128,199h:58m:54s,2.9s,14.79,67,38,0.7,97.8,0.2,0.5,0.6,"embilybond, Embily",58,42,89,11,28,69,58,29,8,3,2,39.6,22.7,7,9.4,4.2,,,,
113,https://www.tiktok.com/@embilybond/video/7280182381217074474,"My night. Thanks mama, I love you. Def not a one person job Glam by ‚ú®@Mariya Usan Studio‚ú®  #ballroomhair #grwm #embily #hairtok #makeup #fyp #foryou ",9/18/23,9:06 AM,29.67s,309699,9551,45,47,599,791h:57m:7s,9.2s,15.23,256,31,4.5,86,0.3,6.7,2.5,"mariya usan studio, Embily, ballroom hair, ballroom makeup",58,42,90,10,27,70,57,30,8,3,2,38.4,26.4,6.2,8,4.5,,,,
114,https://www.tiktok.com/@embilybond/video/7282038305179323691,‚ú®Live for this feeling‚ú® üíÉüï∫üèº #chachacha #ballroomdance #hairtok #embily #dance #fyp #foryou,9/23/23,9:08 AM,28.26s,251019,4301,11,26,286,525h:0m:16s,7.6s,8.26,141,27,0.2,97.9,0.3,0.7,0.9,"cha cha hairstyle, ballroomdance, Embily",60,40,91,9,26,71,58,29,8,3,2,38.7,26.5,6,7.5,4.7,,,,
115,https://www.tiktok.com/@embilybond/video/7283137259338042666,Lol it was our first try so I‚Äôll take any pointers  #diyeyelashextensions #diy #embily #fyp #foryou #lashestutorial #please #help,9/26/23,8:12 AM,83.47s,226123,1983,8,13,173,272h:0m:3s,4.3s,0.63,90,5,0.1,98.5,0.2,0.5,0.7,Embilash,63,37,92,8,29,68,58,29,8,3,3,42,21.5,5.9,6.6,5.4,,,,
116,https://www.tiktok.com/@embilybond/video/7286124493557337386,We think we‚Äôre funny ü§∑‚Äç‚ôÄÔ∏è #roomates #diyeyelashextensions #eyelashes #diy #embily #fyp #foryou,10/4/23,9:24 AM,61.30s,184174,1712,3,3,112,204h:0m:26s,4.0s,0.97,71,7,0.1,9.79,0.1,1.2,0.7,"Lashes on roommate, I put fake eyelashes on my friend",62,38,92,8,26,71,58,29,8,3,2,39.6,30.1,3.4,2.4,5.8,,,,
117,https://www.tiktok.com/@embilybond/video/7286876289292684590,Another mini vlog ü´∂ #dance #embily #minivlog #fyp #foryou #ballroomdance #chachacha,10/6/23,10:02 AM,60.47s,222079,3244,15,12,256,568h:53m:28s,9.2s,2.55,99,15,0.2,96.6,0.3,1.6,1.3,"embily dance, back acne ballroom dancers",63,37,93,7,25,73,59,29,7,3,2,38.3,32.9,1.8,2.8,5.7,,,,
118,https://www.tiktok.com/@embilybond/video/7288730199758458158,I honestly think the commentd are hilarious üíÖüèºüòå‚ú®üòÇ ##reoria##reoriadress##ballroomhair##asmr##asmrsounds##fyp##foryou##embily##nails,10/11/23,9:56 AM,22.10s,268604,14000,66,54,823,819h:39m:30s,11.0s,18.37,168,50,0.3,59.6,0.5,30.5,9.1,"Oz dust ballroom dress, glitter hair gel girl, embily",48,52,97,3,18,81,49,35,9,4,3,31.5,47,1.6,1.9,4.4,,,,
119,https://www.tiktok.com/@embilybond/video/7289473171135237422,Replying to @Tracy Johnson Thanks for a great question! ü´∂ #reoria #reoriadress #fyp #embily #foryou,10/13/23,9:58 AM,27.37s,875879,43000,333,132,2867,3795h:50m:33s,15.8s,29.56,1483,58,72.3,17.6,0.1,9.3,0.7,"imbeily, reioria dress, emibily",63,37,99,1,23,76,54,33,8,3,2,32.8,41.8,2.2,3.1,5,,,,
120,https://www.tiktok.com/@embilybond/video/7290247815475760426,An oldy but a goody? üíÉ üíã hair and makeup by @Mariya Usan Studio  #ballroomhair #makeup #competition #embily #fyp #foryoupage,10/15/23,12:05 PM,9.45s,176152,3455,17,13,192,259h:45m:57s,5.3s,34.42,76,56,0.1,95.9,0.4,0.7,2.9,"mariya usan studio, embilybond, ebily, ballroom makueup",63,37,93,7,26,73,61,26,7,3,3,35,32.9,,,5.6,,,,
121,https://www.tiktok.com/@embilybond/video/7292803852670176555,Snap crackle pop üòå #REORIA #ASMR #asmrsounds #makeup #ballroomhair #embily #fyp #foryou,10/22/23,9:23 AM,61.73s,1324233,25000,484,1112,2201,5242h:41m:5s,14.1s,2.52,532,23,1.4,13.2,0.4,83.8,0.4,"ballroom hair removal snapping, Embily, snap crackle pop, snap crackle pop asmr",58,42,94,6,36,63,65,21,7,3,4,36.7,6.6,,,,,25.4,,"Blew up in saudi arabia, other random places"
122,https://www.tiktok.com/@embilybond/video/7293526179615837486,And thats on having no flyaways üö´üíÖüèº #reoria #ballroomhair #embily #fyp #foryou #hairspray #glue,10/24/23,8:06 AM,23.97s,18652353,719000,7488,8430,35000,75247h:35m:45s,14.5s,25.45,9692,61,0.4,1.2,11.6,86.5,0.3,evita si raja hair spray,73,27,100,0,49,51,70,21,5,2,2,42.2,6.7,,,,,,,"blew up in Germany, other random countries. Interesting that the search was a decent proportion of views but was in Spanish?"
123,https://www.tiktok.com/@embilybond/video/7293920216357096746,At this point in thr night I‚Äôm dead #ballroomdance #embily #fyp #foryou #hairspray #gel #foryoupage,10/25/23,9:36 AM,64.27s,234986,3811,28,15,203,831h:34m:36s,12.8s,0.99,89,20,0.1,92.4,5.6,1,0.9,"ballroom hair wash out, washing ballroom hair, ballroom hair removal wash",63,37,94,6,29,70,62,26,7,3,2,31.7,36.1,,,5.1,,,"High Germany viewership, mexico and Brazil not in top 10 for like.4 consec videos",
124,https://www.tiktok.com/@embilybond/video/7295724425222163754,Just a little vlog to show my competition prep ü•∞ü´∂ #competition #ballroomdance #embily #fyp #foryou #hairspray #minivlog #vlog,10/30/23,6:17 AM,64.93s,184773,2892,10,2,152,449h:15m:42s,8.8s,3.93,88,14,0.1,97.7,0.4,0.5,1.3,"dance comopetition vlog, embily",65,35,94,6,22,77,62,26,7,3,2,29.2,38.1,,,5.7,,,still high germany viewship (7.1),
125,https://www.tiktok.com/@embilybond/video/7296536086476672299,Taking the lashes off ü§§ #makeup #embily #fyp #foryou #makeupremoval,11/1/23,10:46 AM,61.13s,201599,2276,10,4,138,432h:41m:15s,7.8s,1.08,103,13,0.1,9.5,0.1,3.3,1,,65,35,94,6,21,78,62,26,7,3,2,29.7,38.2,,,5.6,,,Germany 7.4%,
126,https://www.tiktok.com/@embilybond/video/7296880455352356142,"I call this my Medusa hair üêç

Comment what you dressed up as for Halloween!!
#asmr #asmrsounds #ballroomhair #braids #hair #gel #embily #fyp #foryou",11/2/23,9:03 AM,61.67s,6867700,440000,2254,2489,22000,39327h:17m:24s,20.7s,16.61,6358,34,0.7,3.2,6,89.5,0.6,"medusa hair extensions clip, medusa hair extension",73,27,99,1,9,90,61,26,7,3,3,20.2,40.4,,,,,,"did well in Turkiye, Saudi Arabia, southeast Asia",
127,https://www.tiktok.com/@embilybond/video/7298396239698119982,We look like Just Dance charaters with this lighting üò≠ #dance #ballroomdance #rounds #practice #embily #justdance #hair #gel #fyp #foryou,11/6/23,10:05 AM,67.90s,10608789,705000,881,1177,23000,52593h:11m:56s,18.0s,4.33,4102,27,0.3,2,36.5,61.1,0.1,"ballroom dancing, ballroom hair washing, ballroom hair removal, ballrom dancing without tan, ballroom hair",61,39,100,0,6,93,67,26,4,2,1,26.2,46.2,1.6,1.6,7.2,,,,
128,https://www.tiktok.com/@embilybond/video/7299487687109610794,"Mondays are sooo long, but so rewarding #reoria  #monday #vlog #embily #college #school #dance ",11/9/23,8:40 AM,83.83s,170882,1665,7,6,122,244h:55m:59s,5.2s,0.72,83,6,0.1,98.6,0.1,0.5,0.7,embily,68,32,96,4,19,80,63,26,6,3,2,29.9,35,,,6.5,,,Not getting good brazil/mexico viewership still. Germany doing well. Not sure if this is representative of a general trend or has to do with Emily doing more english speaking content around this time?,
129,https://www.tiktok.com/@embilybond/video/7300238021834657067,Multi day competition are a love hate relationship. #reoria ü´∂ #ballroomdance #asmrsounds #competition #embily #gel #hairspray #fyp #foryou,11/11/23,9:12 AM,28.33s,233642,4121,13,17,186,704h:5m:2s,10.9s,18.53,73,38,0.1,85.3,0.4,8.2,6,emily gel hair dance,64,36,94,6,18,81,63,26,3,3,2,29.8,36.4,,,7.4,,,Germany 5.8%,
130,https://www.tiktok.com/@embilybond/video/7300986164750667050,Jump scareeee üò© #asmr #asmrsounds #embily #gel #hairandmakeup #gelwave #ballroomhair,11/13/23,9:35 AM,61.88s,4674721,59000,660,1128,3676,17796h:16m:30s,13.7s,7.78,1190,22,0.6,4.3,0.2,94.6,0.3,"ballroom hair removal, ballroom hair removal wash it, peeling gell off hair",84,16,100,0,17,81,62,27,5,2,4,25.1,2.9,,,,,,40% Japan viewership lol what,
131,https://www.tiktok.com/@embilybond/video/7302181862049434923,We love a slick floor ü•∞ #ballroomdance #fail #embily #hairandmakeup #gelwave #ballroomhair #fyp #foryou,11/16/23,2:55 PM,61.33s,261914,4384,23,15,275,756h:20m:49s,10.4s,1.2,111,17,0.1,95.7,1.6,1.4,1.2,"hair dance fly fails, ballroom dancing fails, ballroom fails",66,34,95,5,18,81,65,25,6,2,2,25.9,44.5,,,6.6,,,"6.9% Japan, 4.4% Germany (no Mexico/ Brazil still)",
132,https://www.tiktok.com/@embilybond/video/7304468324837084458,As if I‚Äôm doing it for views‚Ä¶ yall whatttt. Ive been doing gelled hair for YEARS Top from my favs @REORIA ü´∂ #reoria #balding #ballroomhair #embily #fyp #foryou #hair,11/22/23,6:47 PM,7.27s,156676,3802,34,8,236,249h:22m:49s,5.8s,36.48,77,79,0.2,86.1,0.6,8.9,4.2,"embilybond, Embily, ballroom hair balding",53,47,90,10,20,79,62,26,7,3,2,27.2,44.7,,,7.3,,,"Germany 4.4, Japan 3.7",
133,https://www.tiktok.com/@embilybond/video/7306174583588146474,Crunchy ballroom ASMR  #asmr #ballroomhair #embily #fyp #foryou #asmrsounds #hair #gel #balding,11/27/23,9:09 AM,60.88s,136784,2569,22,28,204,359h:7m:30s,9.5s,2.2,103,16,10.3,65.7,8.1,11,4.9,"crunchy hair asmr, ballroom hair removal wash, ballroom hair removal, Embily",48,52,89,11,19,80,55,29,9,4,3,30.5,45.4,1.8,1.8,5.2,,,,
134,https://www.tiktok.com/@embilybond/video/7307662466396327214,Just a little hairpsray‚Ä¶ #hairspray #got2b #ballroomhair #embily #fyp #foryou #asmr #asmrsounds,12/1/23,9:22 AM,4.97s,215747,1831,25,36,194,352h:15m:7s,5.9s,56.59,73,,0.1,36.3,63.6,0,0,"got2b hair spray, got2b",60,40,97,3,17,82,47,35,12,4,2,34.8,30.9,,13.9,6.4,,,,
135,https://www.tiktok.com/@embilybond/video/7309459646270655790,Thats a different layer of confidence frfr  #dancer #student #hairspray #gel #embily #fyp #foryou #hair #makeup,12/6/23,5:36 AM,5.90s,87145,3294,12,6,146,125h:44m:40s,5.2s,40.19,42,88,0.2,79.6,0.6,10.7,8.9,"dance hairspray full face, dance makeup in public",48,52,84,16,17,82,55,29,9,4,3,28.6,47,,,7.2,,,,
136,https://www.tiktok.com/@embilybond/video/7312111032758045998,#asmr #asmrsounds #embily #hairspray #gel #fyp #foryou,12/13/23,9:05 AM,68.15s,101302,3864,34,25,255,300h:17m:33s,10.7s,5.68,58,16,0.3,65.5,4.6,11.3,18.3,"asmr de quitandose peinados con gel, asmr quitando peinado con gel, fairytale hairspray",41,59,76,24,20,79,55,29,9,4,3,30.6,41.4,2.2,2.6,6.7,,,,
137,https://www.tiktok.com/@embilybond/video/7313132199568592171,Y‚Äôall keep in entertaining üò§ü´∂ @REORIA ‚ú® #reoria #asmr #gorillaglue #hairspray #gel #fyp #foryou,12/16/23,3:09 AM,9.31s,91308,2335,23,3,117,133h:48m:23s,5.4s,18.93,40,58,0.2,78.8,1.4,11.9,7.1,"gorilla glue girl noe, glitter hair gel girl, the gorilla glue girl",47,53,85,15,17,82,55,28,10,4,3,31.2,43.5,,,6.9,,,,
138,https://www.tiktok.com/@embilybond/video/7313871012263759147,Loved competing in Florida ü´∂‚ú® #dance #ballroomdance #latinballroomdancer #dancer #foryou #fyp #gel #hairtok,12/18/23,2:55 AM,61.93s,81613,2862,15,17,213,271h:15m:44s,12.0s,2.79,88,19,0.2,83.4,7.4,3.8,5.1,cha cha hairstyle,49,51,87,13,17,82,52,31,10,4,3,27.3,45.8,2,,4.2,,,,
139,https://www.tiktok.com/@embilybond/video/7315825121237765422,This hair and makeup did NOT turn out ü•¥  #reoria #crunchy #asmr #asmrsounds #crusty #foryou #fyp #gel #gurwm,12/23/23,9:18 AM,60:28s,103407,6022,37,33,468,351h:37m:16s,12.3s,7.49,87,20,15.5,52.7,2.7,4.7,24.4,"asmr scrathing no cabelo duro de gel, Embily, embilybond",41,59,70,30,21,78,52,29,11,5,3,33.2,36.6,3.5,3.7,4.2,,,,
140,https://www.tiktok.com/@embilybond/video/7317203405209079086,"Dont worry, we cleared it up before we left the room  #competition #dancecompetition #dancer #hotel #fyp #foryou ",12/27/23,3:27 AM,6.03s,67599,3259,15,13,168,84h:23m:58s,4.5s,33.33,30,75,0.2,74,2.9,7.6,15.3,,45,55,77,23,17,82,52,29,11,5,3,29.6,42.3,2,1.7,7.1,,,,